region,stroma,stroma,stroma,stroma,stroma,stroma,stroma,stroma,stroma,stroma,tumor,tumor,tumor,tumor,tumor,tumor,tumor,tumor,tumor,tumor,lymphocytes,lymphocytes,lymphocytes,lymphocytes,lymphocytes,lymphocytes,lymphocytes,lymphocytes,lymphocytes,lymphocytes,all,all,all,all,all,all,all,all,all,all
feature,HE_proportion,CD8_ratio,CD8_proportion,CD8_purity,CD163_ratio,CD163_proportion,CD163_purity,PDL1_ratio,PDL1_proportion,PDL1_purity,HE_proportion,CD8_ratio,CD8_proportion,CD8_purity,CD163_ratio,CD163_proportion,CD163_purity,PDL1_ratio,PDL1_proportion,PDL1_purity,HE_proportion,CD8_ratio,CD8_proportion,CD8_purity,CD163_ratio,CD163_proportion,CD163_purity,PDL1_ratio,PDL1_proportion,PDL1_purity,HE_proportion,CD8_ratio,CD8_proportion,CD8_purity,CD163_ratio,CD163_proportion,CD163_purity,PDL1_ratio,PDL1_proportion,PDL1_purity
0,0.1857618369,0.0328733748,0.2992535482,0.40261983240000004,0.041990405300000005,0.3051540482,0.5142815442,0.0067848922999999995,0.0742033681,0.0830986234,0.5172695437,0.0135637176,0.3438224013,0.2810702612,0.020365904299999998,0.4121290038,0.42202662979999994,0.0143277696,0.43633460869999996,0.2969031089,0.2969686194,0.0245260005,0.3569240505,0.3191158693,0.0243348521,0.282716948,0.3166287752,0.0279952453,0.4894620233,0.3642553555,1,0.020406169,1,0.3241485726,0.025561564300000002,1,0.4060411619,0.0169854022,1,0.26981026550000003
1,0.9845191626,0.015106317900000001,0.9768909997,0.35242211590000005,0.0261475914,0.9882116902,0.6100089724000001,0.0016103641,0.9877638809,0.0375689117,0.0123900658,0.0180901628,0.0147224267,0.48214018270000003,0.018454953700000002,0.0087776993,0.4918626129,0.0009754293,0.0075296414,0.0259972043,0.0030907715999999997,0.0413099182,0.0083865736,0.5975831636,0.025374269100000003,0.0030106104999999997,0.3670604209,0.0024441295,0.0047064777,0.035356415499999995,1,0.0152242773,1,0.3550500698,0.026049888900000002,1,0.6075174994,0.0016050742,1,0.0374324308
2,0.7823295758,0.0222578979,0.8351439605,0.5036790953,0.0174134049,0.8267211079000001,0.39405194810000005,0.0045193299,0.7956800381999999,0.10226895650000001,0.20705104289999998,0.0127628531,0.1267396905,0.44655946090000004,0.012407783300000001,0.1559039793,0.4341359237,0.003409775,0.1588831392,0.1193046154,0.010619381399999999,0.0748384229,0.0381163489,0.6194627998,0.026961114300000002,0.0173749128,0.2231662122,0.0190122741,0.045436822599999996,0.15737098800000002,1,0.020850311599999997,1,0.49914337299999995,0.0164783765,1,0.39448199030000003,0.0044435015000000005,1,0.10637463679999999
3,0.8898363509,0.0066156467,0.8914654178,0.4405743107,0.007800908499999999,0.9117704609,0.5195077735,0.0005994059,0.7618245490000001,0.0399179158,0.10152375539999998,0.0045178697,0.0694581848,0.4196135773,0.0049936843,0.0665915233,0.4638065899,0.0012551846,0.182011614,0.11657983279999999,0.0086398937,0.0298664818,0.039076397400000004,0.5584136472,0.0190668453,0.0216380157,0.35649283049999997,0.0045511856,0.056163837,0.0850935223,1,0.0066035573,1,0.44268881200000004,0.0076132451,1,0.5103761936,0.0007001259,1,0.046934994400000006
4,0.8280616352,0.008186294,0.5869032936,0.3399057332,0.009182811899999999,0.6720970079999999,0.38128247130000004,0.006714906800000001,0.365169562,0.2788117955,0.1502232443,0.0214336815,0.2787728369,0.2318030431,0.0196993347,0.2615666116,0.2130462623,0.051332040499999995,0.5064278489,0.5551506946,0.021715120600000002,0.07144542179999999,0.1343238695,0.3644358361,0.0345617652,0.0663363803,0.17629605210000002,0.0900367108,0.1284025891,0.4592681118,1,0.0115500391,1,0.3032257262,0.0113137451,1,0.2970222471,0.0152267804,1,0.3997520266
5,0.8889379053,0.053216956600000004,0.8474272268999999,0.5527261496,0.0336915071,0.8934818186,0.3499293868,0.00937241,0.8129990379,0.0973444636,0.0816856604,0.0642010138,0.0939439169,0.6206944966,0.027224046499999998,0.06634258009999999,0.2632016979,0.0120090996,0.0957246082,0.1161038055,0.0293764344,0.1114118505,0.0586288562,0.5891818849,0.045842621900000005,0.0401756013,0.2424306057,0.0318413795,0.0912763538,0.1683875093,1,0.0558237551,1,0.5605257977,0.0335201648,1,0.33657565780000004,0.0102478479,1,0.1028985445
6,0.8527893617,0.009806670699999999,0.8247613364,0.3350461557,0.018864551599999998,0.8325773593000001,0.6445098092,0.0005983890000000001,0.8322817802,0.020444035,0.14170066720000002,0.0116890221,0.1633484442,0.3405447556,0.0219493125,0.1609641475,0.6394652326,0.0006861468,0.15857472720000002,0.0199900118,0.005509971,0.0218814263,0.011890219399999999,0.4804067694,0.0226488187,0.006458493199999999,0.49725487240000005,0.001017461,0.0091434926,0.0223383582,1,0.0101399327,1,0.3371483512,0.0193225154,1,0.6424652309000001,0.0006131334,1,0.020386418
7,0.9110003217,0.0109096109,0.6907364985,0.4974500212,0.0102743157,0.8978902038,0.4684822076,0.0007471426,0.7149463996,0.0340677712,0.0658826034,0.009128942,0.0417999548,0.4597253054,0.0101175572,0.0639437669,0.5095110804999999,0.0006108849,0.042274800599999995,0.030763614100000003,0.023117074799999998,0.1664742652,0.2674635467,0.8595191297,0.0172104532,0.0381660293,0.08885886189999999,0.009998306700000001,0.2427787997,0.051622008399999995,1,0.014388495500000001,1,0.5584544150999999,0.0104243313,1,0.40459503399999996,0.0009520255000000001,1,0.0369505509
8,0.8164429668000001,0.0014382179000000002,0.8154403109999999,0.062442516399999995,0.019716748,0.8738273885,0.8560339818000001,0.0018777039000000002,0.6512892686,0.0815235018,0.1813192559,0.0014548862,0.18319542030000002,0.0780128648,0.0127584565,0.12557598150000002,0.6841247901999999,0.0044359690000000005,0.3417066239,0.237862345,0.0022377773,0.0008778925999999999,0.0013642685999999998,0.0667248147,0.0049116083,0.00059663,0.37331007409999994,0.0073674123999999995,0.0070041075,0.5599651111999999,1,0.0014399863,1,0.0648181649,0.0184219452,1,0.8292278206999999,0.0023538514000000003,1,0.10595401439999999
9,0.5582957132999999,0.0182284635,0.5372409462,0.21540586420000002,0.0584367183,0.6374520374,0.6905470555,0.0079586216,0.4605477667,0.09404708029999999,0.3814441789,0.015261960500000001,0.3073237077,0.24171305969999998,0.037024206000000004,0.27593967350000004,0.5863751336999999,0.0108546522,0.42916019409999995,0.17191180670000003,0.0602601079,0.0488613128,0.15543534609999998,0.3488157811,0.0735583796,0.0866082891,0.5251255472,0.017658009,0.1102920392,0.12605867169999999,1,0.018942847,1,0.23746562429999998,0.05118027309999999,1,0.6415907541,0.009647781800000001,1,0.1209436216
10,0.393211866,0.0030797014,0.4610158269,0.08451924,0.0329872235,0.551488326,0.9053004386,0.0003709493,0.5234220286,0.0101803213,0.6010797528,0.0018456331,0.422335969,0.0967817705,0.017016855,0.4348859161,0.89233411,0.0002075607,0.4477010046,0.010884119499999999,0.0057083811,0.0536765369,0.116648204,0.482582426,0.056141467199999996,0.0136257579,0.5047435431,0.0014097034,0.0288769668,0.012674030900000001,1,0.0026267540000000002,1,0.0994027884,0.023519931600000002,1,0.8900516841,0.0002786693,1,0.0105455275
11,0.7977772941,0.034418350800000004,0.5430774337,0.4842386202,0.0289636968,0.8017412431000001,0.4074960086,0.0076952052,0.4331101051,0.10826537130000001,0.102167483,0.0738901912,0.1493102124,0.6166567156,0.0189894015,0.0673166557,0.1584776241,0.0269442726,0.19421179379999998,0.22486566030000002,0.10005522289999999,0.15544400619999998,0.3076123539,0.6319968493,0.0377173335,0.1309421013,0.153349341,0.0527955925,0.3726781011,0.21465380969999998,1,0.0505603383,1,0.5404332422,0.0288204952,1,0.3080587313,0.0141743632,1,0.1515080265
12,0.665378826,0.027869927599999997,0.6822993529000001,0.2760760452,0.060261597199999996,0.6360746401,0.5969439042,0.0128186595,0.5608008209,0.1269800506,0.3103005081,0.019615866000000003,0.22395466579999998,0.1876223944,0.0667812089,0.3287268889,0.6387508102,0.0181526303,0.37035575789999997,0.17362679550000001,0.0243206659,0.1047627901,0.0937459812,0.4382518233,0.0912325618,0.0351984709,0.3816511235,0.043051663,0.0688434212,0.1800970532,1,0.027178773700000002,1,0.2578002088,0.0630378705,1,0.5979363278000001,0.0152090801,1,0.14426346339999999
13,0.8553158190000001,0.0181792187,0.8108660889,0.45324502,0.0193930766,0.8106602672,0.4835089764,0.0025367359,0.6984981598000001,0.0632460036,0.1387405955,0.0229797983,0.1662636028,0.4091568443,0.0267263456,0.1812211176,0.47586437,0.006457644100000001,0.2884304879,0.11497878560000001,0.0059435855,0.0737863596,0.0228703083,0.6796399486,0.0279490966,0.0081186152,0.25743677670000004,0.0068313809,0.0130713522,0.0629232748,1,0.0191757597,1,0.4486254375,0.0204613522,1,0.4787024451,0.0031062507,1,0.0726721174
14,0.763373344,0.043315338099999996,0.7703513264,0.37563580539999997,0.0513329946,0.8757151606,0.4451658844,0.0206637261,0.7541574205,0.1791983102,0.13683307460000002,0.0323629739,0.10316910039999999,0.46215042520000005,0.0205898341,0.06296123099999999,0.2940273858,0.017074118500000002,0.1116980931,0.243822189,0.09979358140000001,0.054401095700000006,0.1264795732,0.49448897350000004,0.027497664900000003,0.0613236084,0.2499451881,0.028116019500000002,0.1341444864,0.2555658384,1,0.042922979900000005,1,0.39528683259999997,0.0447477005,1,0.4120910726,0.0209162401,1,0.1926220948
15,0.5420987849000001,0.012903966999999999,0.7880171551,0.1810726734,0.0572008084,0.6642888159,0.8026603992,0.0011592467,0.7773450458,0.0162669274,0.455483397,0.0038125168,0.195622278,0.099985763,0.0339498616,0.3312736554,0.8903574723000001,0.0003682182,0.20746141899999998,0.009656764699999999,0.0024178181,0.0600676613,0.016360566899999998,0.3982731739,0.08567245300000001,0.0044375287,0.5680434207,0.005080139799999999,0.0151935351,0.0336834054,1,0.0088769956,1,0.1574922527,0.0466792274,1,0.828164957,0.0008084263,1,0.0143427902
16,0.45531759829999996,0.025029359900000003,0.4763443592,0.0891243694,0.09441557710000001,0.45385381020000004,0.33619432590000004,0.1613913824,0.3899807188,0.5746813047,0.4877758725,0.018601353600000002,0.3792466122,0.0587085568,0.09407470609999999,0.48445236700000005,0.2969133515,0.20416623,0.5285092359,0.6443780917,0.0569065292,0.0607121204,0.1444090287,0.1401159234,0.1026884707,0.061693822800000006,0.2369920503,0.26989862940000003,0.0815100453,0.6228920263000001,1,0.023924515499999997,1,0.07791090889999999,0.0947200901,1,0.3084588402,0.1884306918,1,0.6136302509
17,0.6828604235,0.0013001578,0.6071382163,0.030066495099999997,0.0412656564,0.6515263570000001,0.9542792793000001,0.0006769317,0.7679680101,0.0156542257,0.3169854088,0.0018123453,0.39286178369999997,0.0364308236,0.047494637400000005,0.3480928775,0.9547125098,0.00044059769999999995,0.23203198989999999,0.0088566666,0.0001541677,0.0,0.0,0.0,0.1068200493,0.00038076550000000004,1.0,0.0,0.0,0.0,1,0.0014623133,1,0.0322703288,0.0432502588,1,0.9544466576,0.0006019129,1,0.0132830136
18,0.7419284447,0.0061483784,0.6432653236,0.0727641707,0.0754000925,0.7958470999999999,0.8923369445,0.0029488627000000002,0.7106466683,0.0348988848,0.23991495899999998,0.0072662898,0.24583152460000002,0.12313658949999999,0.049717627699999996,0.1696928187,0.8425288913,0.0020260799,0.1578886976,0.0343345192,0.018156596299999998,0.0433153594,0.1109031519,0.21764755170000002,0.1334093057,0.0344600814,0.6703444038,0.022291400299999996,0.131464634,0.11200804449999999,1,0.007091408,1,0.0881338349,0.0702917349,1,0.8736036909999999,0.0030786679999999997,1,0.0382624741
19,0.8434387633,0.0796302924,0.7586712511,0.7163777915999999,0.023769658399999997,0.8496299131,0.2138389161,0.0077568903,0.6387970493999999,0.06978329230000001,0.0637173179,0.09395635449999999,0.06762470820000001,0.7368387461,0.0187246559,0.050562044699999996,0.1468453308,0.014831766299999999,0.0922724504,0.116315923,0.09284391880000001,0.1656283584,0.1737040406,0.75060042,0.0253663965,0.0998080422,0.11495632789999999,0.029666403799999998,0.2689305002,0.13444325210000002,1,0.0885275081,1,0.7234660558,0.0235964518,1,0.1928353378,0.0102418475,1,0.0836986063
20,0.8847964099,0.006625973,0.7688996698,0.3178358786,0.013597750700000001,0.8646535195999999,0.652259383,0.0006234286,0.8544439429999999,0.0299047384,0.10586323019999999,0.0090479148,0.1256233307,0.3714523999,0.0148400915,0.1129050597,0.609243978,0.00047020160000000005,0.0771050381,0.0193036221,0.0093403598,0.0861028442,0.10547699949999999,0.6928948156,0.0334314377,0.0224414207,0.2690325746,0.0047311077,0.0684510189,0.0380726098,1,0.0076247101,1,0.34369061409999996,0.013914522700000001,1,0.6272095287,0.0006455747,1,0.029099857200000002
21,0.5801956274,0.04330841059999999,0.4004750936,0.3074004486,0.0772858689,0.5629653834,0.5485703688,0.0202916912,0.35253736609999997,0.1440291826,0.2779860688,0.0914423473,0.4051344855,0.47034568670000004,0.05645663980000001,0.19703582809999998,0.2903921189,0.0465162056,0.38720394490000004,0.2392621945,0.1418183039,0.0860030312,0.1943904209,0.3048859551,0.1347937069,0.23999878859999998,0.4778518557,0.061285889100000004,0.260258689,0.2172621892,1,0.0627438531,1,0.3569237851,0.0796512974,1,0.4531032307,0.033395468500000004,1,0.18997298420000003
22,0.7068610626,0.033084915299999997,0.5658772953,0.2067330183,0.0946906382,0.7695678368000001,0.5916799625,0.0322613655,0.5301308238,0.2015870193,0.21800760800000002,0.0589788696,0.311118816,0.3256690169,0.0586706859,0.14706137449999998,0.3239672904,0.06345109139999999,0.3215710906,0.3503636927,0.0751313294,0.0676611828,0.1230038888,0.271641791,0.0965132702,0.0833707887,0.3874753069,0.08490792330000001,0.1482980855,0.3408829021,1,0.0413277553,1,0.2412326541,0.0869749513,1,0.5076781501,0.0430163689,1,0.2510891958
23,0.7942003245,0.0224439747,0.6142293890999999,0.3840724739,0.0221303203,0.8687786648,0.3787050638,0.013862526699999999,0.6047811604,0.2372224623,0.1816739185,0.0472354667,0.2957069664,0.5380200861,0.008916347,0.08007020320000001,0.1015587248,0.0316431738,0.3157900314,0.3604211892,0.0241257571,0.1083347549,0.0900636445,0.5130430549,0.0428926534,0.051151132099999996,0.20312759219999998,0.0599337289,0.0794288082,0.2838293529,1,0.0290201223,1,0.4302143912,0.020230593,1,0.2999123216,0.018204309199999998,1,0.2698732872
24,0.5980638558,0.029744588399999997,0.5961547183,0.297767429,0.0580216162,0.697794369,0.580843387,0.0121258102,0.5723779215,0.121389184,0.2718686642,0.016541547099999998,0.1507088461,0.280673481,0.033039295,0.1806258929,0.5606037861,0.009354355600000001,0.200723205,0.1587227329,0.13006748,0.0580740975,0.2531364357,0.4585025416,0.0464838826,0.1215797381,0.3669962897,0.022102381,0.22689887350000001,0.17450116870000001,1,0.0298398431,1,0.3235063015,0.049729022000000005,1,0.5391332634,0.012669966000000001,1,0.1373604351
25,0.4764675847,0.0155386244,0.41624645670000004,0.195880798,0.0585393464,0.45972922619999995,0.7379503846,0.0052489699,0.3796693698,0.0661688174,0.4455589568,0.0202827957,0.5080864525,0.22415291280000002,0.062054819500000004,0.4557236641,0.6857914820000001,0.0081488098,0.5511851157,0.0900556053,0.0779734585,0.0172605893,0.0756670908,0.19418432559999999,0.0657856367,0.08454710970000001,0.7400986874,0.0058414289,0.0691455146,0.065716987,1,0.017786700000000003,1,0.2091454785,0.060670715199999996,1,0.7133985373,0.006587215600000001,1,0.0774559842
26,0.7429989137,0.0231640041,0.676697964,0.286857199,0.0518956449,0.8175295925,0.6426626115999999,0.005691345400000001,0.5407833918,0.0704801894,0.2508009905,0.0298349201,0.29420306,0.40247104240000003,0.033028282799999996,0.1756303763,0.4455492878,0.0112661554,0.3613476299,0.1519796698,0.0062000957999999995,0.1193675407,0.029098975899999997,0.404866667,0.0520325716,0.0068400312,0.17648226390000002,0.1234316199,0.0978689783,0.41865106909999994,1,0.0254335476,1,0.3162684132,0.0471645408,1,0.5864952357,0.0078195142,1,0.097236351
27,0.8994866488,0.0076985131,0.8230227644,0.22897911440000002,0.022914294100000003,0.8738957794,0.6815465128,0.0030082204,0.5774351434,0.08947437289999999,0.0916259503,0.012336745,0.13434742630000002,0.2159897981,0.029174853799999997,0.11334062869999999,0.5107887688,0.015605659,0.3051402164,0.27322143309999997,0.0088874009,0.0403578802,0.042629809299999995,0.2964367068,0.033871911,0.0127635918,0.24879596489999997,0.0619135381,0.1174246403,0.4547673283,1,0.0084137524,1,0.2293509941,0.0235853086,1,0.6429133759000001,0.0046859878,1,0.12773563
28,0.9474506641,0.0266778114,0.8506171155,0.17664925050000002,0.1204431654,0.9567746611,0.7975240013,0.0039003908000000004,0.8951384269,0.0258267483,0.030390456,0.0485255058,0.0496288945,0.3191475813,0.09895027070000001,0.0252130336,0.6507864071,0.0045714538,0.0336524755,0.0300660115,0.0221588799,0.1337689003,0.09975399,0.5482642059,0.09695062130000001,0.0180123053,0.39736108509999996,0.013266678600000002,0.0712090975,0.05437470900000001,1,0.029714791400000003,1,0.19407157149999998,0.11926941810000001,1,0.7789657044,0.0041283312,1,0.0269627242
29,0.9386335718000001,0.0026840902,0.8489055522,0.188144637,0.0110620182,0.8626058384999999,0.7754058987000001,0.0005199916999999999,0.844328073,0.0364494644,0.042378810700000005,0.0052205031,0.0745465071,0.1612780094,0.025659252400000002,0.09033888039999999,0.7926962372,0.0014898348,0.1092208619,0.0460257534,0.0189876175,0.0119645635,0.0765479407,0.2769002174,0.029830185699999998,0.047055281100000006,0.6903707693000001,0.0014141858,0.046451065,0.0327290133,1,0.0029677945000000003,1,0.1904524887,0.012036994399999999,1,0.7724509115000001,0.0005780711,1,0.0370965997
30,0.7306199570999999,0.0214709526,0.6532887826,0.3312587281,0.0374272234,0.7412739206,0.5774356953,0.0059180861999999996,0.49121336520000003,0.09130557660000001,0.24816317870000001,0.024705272799999997,0.25532265649999997,0.3227319427,0.0351642391,0.23655827699999998,0.4593603683,0.0166809299,0.4702783194,0.217907689,0.021216864300000002,0.10343041859999999,0.0913885608,0.6548326753,0.0385426757,0.0221678023,0.24401915629999998,0.015976291,0.0385083153,0.1011481684,1,0.0240125146,1,0.3444914175,0.0368893004,1,0.5292260140999999,0.0088024313,1,0.1262825684
31,0.9371763639,0.0280149832,0.8594503025,0.6985898004000001,0.011381767099999999,0.6461742967,0.2838190682,0.000705443,0.7940905426,0.017591131399999998,0.0474875242,0.025666607200000004,0.0398985458,0.1810826946,0.1138436657,0.3274967959,0.8031882683,0.002229429,0.1271627693,0.0157290371,0.0153361118,0.20049078039999998,0.10065115179999999,0.8600854178,0.0283399392,0.026328907400000004,0.1215755078,0.0042749421,0.0787466882,0.0183390744,1,0.030548572799999996,1,0.6379086839,0.0165075014,1,0.34470607200000003,0.0008325555000000001,1,0.0173852441
32,0.8668150856,0.08565747039999999,0.8598194279000001,0.625428819,0.0236506418,0.8429072891,0.17268538170000003,0.0276498721,0.6873305368000001,0.2018857993,0.1079415133,0.0829534004,0.10369032689999999,0.4489484167,0.0248346619,0.1102191789,0.1344065713,0.0769846138,0.2383079271,0.4166450121,0.0252434011,0.1248283892,0.0364902452,0.45773331759999997,0.045161607699999995,0.046873532,0.1656031346,0.10271986359999999,0.0743615361,0.3766635478,1,0.08635439619999999,1,0.5933133727000001,0.0243214567,1,0.1671049317,0.0348701607,1,0.23958169559999998
33,0.7570425418000001,0.023773652000000003,0.7681183853,0.5136011254,0.0207739814,0.812362244,0.44879685329999996,0.0017405284,0.6322432715,0.0376020212,0.1835201293,0.0196944126,0.1542548091,0.5309473528,0.0145112429,0.1375618554,0.3912127842,0.0028873115,0.2542495238,0.077839863,0.059437328899999996,0.0306013409,0.0776268056,0.6013050271,0.0163102184,0.050075900599999994,0.32048975760000004,0.003979984099999999,0.1135072047,0.0782052153,1,0.023430849,1,0.5221443923,0.0193593286,1,0.431412659,0.0020840935,1,0.0464429487
34,0.7557127959000001,0.0095671386,0.4968366314,0.1046309883,0.0403991889,0.8447368406,0.4418256336,0.0414706237,0.30550088010000004,0.4535433781,0.2261284151,0.020771140100000002,0.3227678297,0.0586353369,0.0204297845,0.12782356890000002,0.057671716399999996,0.31304177559999996,0.6900372883,0.8836929467,0.018158788999999998,0.1445653268,0.1803955389,0.6442733299,0.0546133391,0.0274395905,0.24339112699999998,0.025206420499999996,0.0044618317,0.1123355431,1,0.0145520853,1,0.09493856029999999,0.036141650899999996,1,0.23579000760000002,0.1025852396,1,0.669271432
35,0.8164643666,0.039985377,0.6187626775,0.621905598,0.0184569039,0.7402526986,0.2870662405,0.0058526493,0.5621892162,0.09102816150000001,0.1047311383,0.068040581,0.135060862,0.6448122983,0.0204629232,0.10527552400000001,0.19392463079999997,0.0170164761,0.2096709322,0.1612630709,0.0788044951,0.1648199783,0.24617646059999998,0.7187000049,0.039903798500000004,0.1544717774,0.17400111629999998,0.024606927400000003,0.2281398516,0.10729887880000001,1,0.0527611581,1,0.6464399270000001,0.0203571083,1,0.2494192328,0.008499771,1,0.1041408402
36,0.6414978889999999,0.0131802296,0.4234145653,0.4106720621,0.0173392829,0.4973441174,0.5402606214,0.0015747808999999999,0.3337686605,0.0490673166,0.3332091876,0.0206441717,0.344478415,0.37848654439999996,0.031046116000000002,0.4625459312,0.5691939276,0.0028537166,0.3141651448,0.052319528,0.025292923399999997,0.1832490203,0.2321070197,0.702517466,0.0354668392,0.0401099515,0.1359683886,0.0421303531,0.3520661947,0.1615141454,1,0.0199688206,1,0.440224412,0.0223650245,1,0.49305013840000006,0.003026703,1,0.0667254496
37,0.8084085593000001,0.0174388168,0.7518754606,0.3938879557,0.0246479711,0.805073328,0.5567200471,0.0021867589000000003,0.7527088863,0.049391997199999996,0.1723055741,0.011054525,0.10158682880000001,0.3115263462,0.0226355945,0.157584897,0.6378911856,0.0017949209,0.1316860846,0.0505824682,0.019285866699999998,0.14246633460000002,0.1465377105,0.6967723848999999,0.0479217246,0.037341775099999995,0.2343749097,0.0140780444,0.1156050291,0.0688527054,1,0.0187500318,1,0.4089545769,0.0247500819,1,0.5398209114,0.0023485768,1,0.051224511699999996
38,0.7967589435,0.0055175527,0.6778373215000001,0.1505933023,0.0280290765,0.8741893895999999,0.7650114893000001,0.0030921361999999997,0.5523052608,0.0843952084,0.1849179216,0.003999892,0.11404580480000001,0.1757291446,0.0134691995,0.0974968499,0.5917486988,0.005292596899999999,0.2194024291,0.2325221566,0.018323134799999998,0.0736640299,0.2081168736,0.4366131773,0.039475531200000004,0.028313760499999997,0.23397494170000002,0.0555773575,0.2282923101,0.329411881,1,0.0064855671,1,0.1777221638,0.025546429199999998,1,0.7000415848999999,0.0044607346,1,0.12223625130000002
39,0.6245365625,0.024161645,0.5780052918,0.1949946878,0.0747490051,0.7482803766,0.6032560663000001,0.024998597200000004,0.465411699,0.20174924589999998,0.3181024168,0.014106566499999999,0.1718841121,0.1549155793,0.0353713342,0.1803513849,0.3884411383,0.041581801099999996,0.3943066068,0.4566432824,0.0573610207,0.113832893,0.25011059609999997,0.41621671579999997,0.0776223946,0.0713682385,0.2838172454,0.0820389973,0.1402816942,0.2999660387,1,0.026106734500000003,1,0.2139193531,0.0623876934,1,0.5112066007,0.03354565,1,0.2748740462
40,0.9020463665,0.0080415197,0.6214880225,0.4350163793,0.009145289000000001,0.7599920049,0.4947262034,0.0012987474,0.5392234936,0.0702574173,0.0659197039,0.022981276000000002,0.12979416230000002,0.4620172579,0.0201026046,0.12208162689999999,0.4041442374,0.006657283000000001,0.2019889022,0.1338385047,0.0320339296,0.0906214286,0.2487178153,0.6117597114,0.0399593097,0.1179263682,0.2697540326,0.0175516524,0.2587876042,0.118486256,1,0.011671703,1,0.4725574453,0.010854686100000002,1,0.43947852060000003,0.0021726249,1,0.0879640342
41,0.6734989122,0.0215590456,0.6088560545,0.25345600890000003,0.0531539153,0.7067695699,0.6248968299000001,0.0103473447,0.5575305424,0.12164716119999999,0.2744938421,0.0184768516,0.2126712464,0.24127943940000002,0.0425645611,0.23066752199999999,0.5558281079999999,0.0155372283,0.34119998310000005,0.20289245260000002,0.0520072457,0.0818388913,0.1784726991,0.4897286801,0.0609322745,0.0625629081,0.3646222704,0.024339511299999998,0.10126947439999999,0.1456490496,1,0.023847991000000002,1,0.2741168727,0.0506517338,1,0.5822081554999999,0.0124996298,1,0.1436749718
42,0.5715654353,0.0316183617,0.3952827368,0.1701743282,0.056997223300000004,0.5114184931,0.30676681769999997,0.0971842475,0.348024496,0.5230588541,0.22892686269999998,0.0389508648,0.19503672190000002,0.0994923533,0.0702860397,0.2525937509,0.1795319188,0.28225916030000003,0.4048487303,0.7209757279000001,0.19950770199999998,0.09388217509999999,0.40968054130000003,0.255856522,0.0753482262,0.23598775600000002,0.2053460636,0.1977024966,0.24712677370000002,0.5387974142999999,1,0.045719078899999994,1,0.169942554,0.0637005568,1,0.2367815705,0.1596070315,1,0.5932758754
43,0.8999521934,0.0028646796000000004,0.8819436878,0.1480252717,0.0158659742,0.8422218614,0.8198351879000001,0.0006219849,0.8528647187,0.0321395404,0.09024947119999999,0.0035145509000000003,0.10850752539999999,0.1074331769,0.0281433779,0.14981704099999998,0.8602898684999999,0.0010559029,0.145194274,0.0322769546,0.0097983354,0.002848725,0.0095487868,0.1700388027,0.013774641899999999,0.0079610976,0.8222006652,0.0001300152,0.0019410072,0.0077605322,1,0.0029231738,1,0.14236459640000002,0.016953511799999998,1,0.8256710075,0.0006563253,1,0.0319643961
44,0.6243645764,0.0272432066,0.5432392953,0.2129542484,0.0879773886,0.6753891443000001,0.6877002004,0.0127092622,0.409634985,0.09934555119999999,0.35056014979999994,0.030890927000000002,0.3458503219,0.244536903,0.06965367410000001,0.3002280942,0.5513882365999999,0.0257795921,0.46652726780000003,0.2040748604,0.0250752738,0.1384942755,0.1109103828,0.4421241761,0.07908469650000001,0.0243827615,0.2524671592,0.0956684887,0.1238377472,0.3054086647,1,0.031311603,1,0.2371842003,0.0813308378,1,0.6160779984,0.0193714243,1,0.1467378014
45,0.8943737140000001,0.0049114207,0.7591200118000001,0.23816520030000002,0.015323234199999999,0.8497090881999999,0.7430561079000001,0.00038725239999999996,0.8103299014,0.0187786918,0.09792328,0.0086713881,0.1467434932,0.2690442793,0.0230225087,0.1397781844,0.7143117345000001,0.0005364413,0.1229014006,0.016643986200000002,0.007703006,0.0707153194,0.094136495,0.7333191009000001,0.0220117397,0.0105127274,0.2282621265,0.0037047934,0.066768698,0.0384187726,1,0.005786496899999999,1,0.2589893271,0.016128694,1,0.7218805626000001,0.0004274165,1,0.0191301102
46,0.7789646545000001,0.0645668796,0.6896948306,0.4026417857,0.06673009690000001,0.7826297045,0.4161317001,0.029061142999999998,0.6464381384000001,0.18122651420000002,0.1412729442,0.0588411853,0.11399080730000001,0.31104208559999996,0.0590100197,0.12551671820000002,0.311934566,0.071323148,0.2877305837,0.3770233484,0.0797624012,0.17948346,0.19631436219999998,0.6300496268,0.07648583910000001,0.0918535773,0.2684920069,0.0289026417,0.0658312779,0.1014583662,1,0.0729240163,1,0.41823679420000004,0.0664176003,1,0.38092093159999996,0.0350189784,1,0.20084227420000003
47,0.8556417937,0.0048034073,0.6771320106000001,0.11060996710000001,0.0355434845,0.8007825982,0.8184739236,0.0030796407,0.6423572453999999,0.0709161093,0.1392093268,0.009303440999999999,0.2133751707,0.1366132601,0.050988736500000006,0.1868982434,0.7487270019,0.0078083937,0.2649809277,0.11465973800000001,0.0051488795,0.1290746538,0.1094928187,0.4393783054,0.0908668919,0.0123191584,0.3093166614,0.0738250154,0.0926618269,0.2513050332,1,0.0060697117,1,0.12605745289999998,0.0379784612,1,0.7887471988,0.0041021867,1,0.0851953483
48,0.48400913689999997,0.056596888899999996,0.4070693729,0.24796497309999999,0.11987352890000001,0.43415838590000005,0.5251955884,0.051775080700000004,0.2295021875,0.22683943850000002,0.388157342,0.06516503900000001,0.37587615329999996,0.1684148711,0.1433379371,0.4163324846,0.37044772130000003,0.1784286444,0.6342856201,0.4611374076,0.12783352109999999,0.1142619631,0.21705447379999998,0.2953213153,0.1562973512,0.1495091295,0.40396592259999997,0.1163479531,0.13621219240000002,0.30071276210000003,1,0.0672942087,1,0.2169920138,0.1336375967,1,0.43091807990000003,0.109191169,1,0.35208990630000003
49,0.5857450953,0.0098823,0.6508870046999999,0.2526560567,0.0254097506,0.6139805732,0.6496389919,0.003821597,0.5626994795,0.0977049514,0.40518234119999996,0.0060134805000000005,0.2739777691,0.1863108628,0.022486758,0.3758572425,0.6966892606,0.0037763578000000004,0.3846330555,0.1169998766,0.0090725635,0.0736503262,0.07513522610000001,0.5944508351,0.027152603900000002,0.0101621843,0.2191556897,0.023093482999999998,0.052667465,0.1863934752,1,0.0088932621,1,0.2396292359,0.0242412178,1,0.6531803990999999,0.0039781122999999995,1,0.107190365
50,0.8267907775,0.0555422764,0.7403639419,0.3443196494,0.0616848238,0.8893304337000001,0.38239874729999995,0.0440831139,0.6257545836,0.2732816033,0.1336377526,0.0622196953,0.1340549959,0.3013713018,0.0294291775,0.06857984360000001,0.1425450493,0.1148064032,0.2634094951,0.5560836489000001,0.0395714699,0.19684120230000002,0.1255810622,0.4675803741,0.060996466799999996,0.0420897227,0.1448921792,0.163140655,0.11083592130000001,0.3875274467,1,0.0620260378,1,0.3492088458,0.0573470124,1,0.32286576289999996,0.0582456973,1,0.3279253913
51,0.9042098884,0.0205934203,0.6601324761999999,0.6854409990000001,0.0088453018,0.8806667354000001,0.29441114820000003,0.0006053230000000001,0.7661804923000001,0.0201478528,0.07144224769999999,0.048692157,0.1233239674,0.8495578447,0.0078629523,0.0618543765,0.13718909140000002,0.0007595954,0.0759647524,0.013253063899999999,0.024347863900000002,0.2508713325,0.2165435564,0.9058607417,0.0214396559,0.0574788882,0.0774155515,0.004631505,0.1578547554,0.0167237067,1,0.0282076325,1,0.7422324384000001,0.0090817662,1,0.2389701249,0.0007143735000000001,1,0.0187974367
52,0.7070310059999999,0.0380484066,0.6992317139,0.5149331818999999,0.0311341292,0.7416918826000001,0.4213578881,0.0047074521000000005,0.5807726375,0.06370893,0.2593726963,0.034016391,0.2293288407,0.5280611351,0.022102524900000003,0.19315879489999999,0.34311354159999996,0.008298608399999999,0.3755876542,0.1288253234,0.0335962978,0.081808884,0.0714394455,0.5572576495,0.0575532879,0.0651493225,0.3920357836,0.007444039,0.0436397084,0.05070656690000001,1,0.038472801800000005,1,0.5207274149000001,0.0296791636,1,0.40170596880000004,0.005730839200000001,1,0.0775666163
53,0.842134583,0.0104815892,0.7943411290000001,0.23039753100000002,0.033656879,0.699134479,0.7398173774,0.0013550279,0.8374724385,0.0297850916,0.1535065075,0.0121626055,0.16801645780000002,0.132787486,0.0780873156,0.2956736761,0.8525326528,0.0013445948,0.1514812841,0.0146798611,0.0043589095,0.0959624205,0.037642413300000004,0.649697003,0.0482879184,0.0051918449,0.3269250163,0.0034530059,0.0110462774,0.0233779807,1,0.0111122393,1,0.2096023045,0.0405410155,1,0.7646964779000001,0.0013625713,1,0.0257012176
54,0.6390733746,0.0461194107,0.700315543,0.40835771049999997,0.051574212,0.5844174411999999,0.456656467,0.0152451305,0.24605582210000002,0.1349858225,0.2004461547,0.0213137092,0.1015116901,0.19386625510000002,0.0284300156,0.1010449633,0.25859509469999997,0.0601965493,0.3047341329,0.5475386502,0.16048047070000002,0.0519711697,0.19817276690000002,0.190131332,0.1105377269,0.3145375954,0.40439123039999997,0.11083463460000001,0.449210045,0.4054774376,1,0.0420862962,1,0.3047974523,0.0563975395,1,0.40844236450000004,0.0395957182,1,0.2867601832
55,0.7174870003,0.0253623012,0.7944198401000001,0.2099759903,0.08869961330000001,0.880319427,0.7343493399,0.0067247581,0.7035497356,0.0556746697,0.2607231645,0.0105606321,0.1202034465,0.2892149698,0.021702067000000002,0.0782681812,0.5943358895,0.0042521192,0.16165500359999999,0.1164491408,0.021789835299999998,0.08975075210000001,0.0853767134,0.3329397807,0.13739529,0.0414123919,0.5096821661,0.0424244847,0.1347952609,0.1573780532,1,0.0229061769,1,0.22444488469999999,0.07229287179999999,1,0.7083576331999999,0.006857975,1,0.0671974821
56,0.7807929935,0.031814325899999996,0.42434751439999996,0.43791191630000004,0.031670476,0.6920374722,0.4359318789,0.0091652555,0.2519288367,0.1261562048,0.1019160506,0.0803677364,0.1399224343,0.35353944600000003,0.053387968,0.1522737662,0.23485484920000002,0.0935675472,0.3357107336,0.41160570469999996,0.1172909559,0.2174652946,0.43573005130000003,0.5961861107,0.0474300548,0.1556887615,0.1300305868,0.09986540349999999,0.4123604296,0.2737833024,1,0.058537877300000006,1,0.4771758895,0.0357322931,1,0.2912744624,0.028405510800000002,1,0.231549648
57,0.2668703315,0.0161662211,0.2603189065,0.2025372334,0.0605029702,0.19160017969999998,0.7580067170999999,0.0031493233,0.15486240980000002,0.0394560494,0.7311489049,0.0166327189,0.7337801916,0.1435043766,0.0930195323,0.8070471477,0.8025573001,0.0062516628,0.8422283494,0.0539383233,0.0019807635999999997,0.049372924500000005,0.005900901899999999,0.4297278506,0.0575494414,0.0013526726,0.5008939213,0.0079711055,0.0029092408000000003,0.069378228,1,0.0165730751,1,0.1559499007,0.0842715687,1,0.7929815494,0.0054271462,1,0.0510685499
58,0.6923898451,0.0161428344,0.5678647439,0.24369876940000001,0.0418064123,0.7439257751,0.6311265403,0.0082916886,0.6071161659000001,0.1251746903,0.273314027,0.0066845162,0.09282101820000001,0.1611120459,0.0290100008,0.203772549,0.6992070042,0.0057953431,0.1675016913,0.1396809499,0.0342961279,0.1947343518,0.3393142379,0.6158267069,0.059338217900000004,0.0523016759,0.1876508123,0.0621435828,0.22538214269999998,0.1965224809,1,0.019682740900000002,1,0.28924236600000003,0.038910246600000004,1,0.5717949467,0.0094563138,1,0.1389626873
59,0.8281835756999999,0.019077171100000002,0.5422904938,0.4430191366,0.021845631600000002,0.7468224679000001,0.5073096408,0.0021389289000000003,0.5129446512,0.049671222599999995,0.101773309,0.026305711800000003,0.09189150310000001,0.4411919941,0.030471252400000003,0.1280119035,0.5110552673,0.002847218,0.0839077675,0.047752738600000004,0.0700431153,0.1521627045,0.3658180031,0.7066478968000001,0.043290587,0.1251656286,0.20104270850000003,0.0198770098,0.4031475813,0.0923093947,1,0.029134569,1,0.5128099998,0.024225561,1,0.4264044525,0.0034534442,1,0.0607855477
60,0.7527450153,0.0009395519,0.7675898895000001,0.0747351255,0.0090049278,0.7775025532,0.7162823037,0.0026272783000000004,0.5711220035,0.2089825708,0.2417181929,0.0008743856,0.22938915780000002,0.0587230862,0.0079084176,0.21926667670000002,0.5311234722,0.0061071764,0.4263092171,0.41015344159999995,0.0055367918,0.0005027187999999999,0.0030209527,0.0698568682,0.0050871456,0.0032307701,0.706900235,0.001606548,0.0025687794,0.2232428968,1,0.0009213814,1,0.0703218287,0.0087181894,1,0.665391167,0.0034627814,1,0.2642870043
61,0.4790561607,0.017132754099999998,0.4886967646,0.1267078001,0.09522241990000001,0.7480521939,0.7042313979000001,0.0228595015,0.4634770722,0.16906080199999998,0.4914084917,0.0130015502,0.3804202675,0.2435500497,0.022207321800000002,0.1789555207,0.41599611299999995,0.018174612,0.3779922318,0.3404538372,0.0295353477,0.0744243746,0.13088296789999998,0.2114616119,0.1507053318,0.0729922854,0.42819832259999996,0.1268224705,0.158530696,0.3603400655,1,0.0167947733,1,0.165623129,0.0609808878,1,0.6013683689,0.0236278894,1,0.23300850210000001
62,0.6521597927,0.0418780095,0.6229112057,0.3923386192,0.0453440439,0.7106809615999999,0.4248105343,0.0195173993,0.5015360543,0.1828508465,0.264919354,0.0427810639,0.2584945322,0.3952795724,0.031428387,0.20009497899999998,0.29038547,0.0340204373,0.35512379380000003,0.3143349576,0.0829208532,0.0627066821,0.11859426210000001,0.4143132819,0.0447731658,0.08922405929999999,0.29582361329999995,0.043871037599999996,0.1433401519,0.2898631048,1,0.0438443774,1,0.3955877155,0.0416101794,1,0.3754295712,0.0253789592,1,0.22898271329999997
63,0.6992202082,0.0032271178999999997,0.5389419793,0.0819015709,0.0338782402,0.6847710319,0.8598015841,0.0022970352,0.609083169,0.058296845,0.2853330923,0.0064508178000000005,0.4396227161,0.1357294473,0.0375456744,0.3096867457,0.7899856748999999,0.0035305398,0.3820218677,0.0742848778,0.0154466994,0.0058100618,0.0214353046,0.2943228057,0.0124118833,0.0055422223,0.6287541174,0.0015184954,0.0088949633,0.0769230769,1,0.0041868441,1,0.1010902115,0.0345930962,1,0.8352408896,0.0026369690000000003,1,0.06366889889999999
